CREATE TABLE BUISNESS_CATEGORY
(
bsn_catg_id VARCHAR2(6) NOT NULL,
bsn_catg_name VARCHAR2(26) NOT NULL,
bsn_catg_type VARCHAR2(26) NOT NULL,
CONSTRAINT BSN_CATG_PK PRIMARY KEY(bsn_catg_id),
CONSTRAINT BSN_TYPE_CK check(bsn_catg_type IN ('Restaurant','Music','Department'))
);
/
CREATE TABLE BUISNESS
(
buisness_id VARCHAR2(6) NOT NULL,
buisness_name VARCHAR2(126) NOT NULL,
street VARCHAR2(256) NOT NULL,
city VARCHAR2(32) NOT NULL,
states VARCHAR2(32) NOT NULL,
zip number(8,0) NOT NULL,
phone_no VARCHAR2(26) NOT NULL,
review_count number(8,0),
bsn_catg VARCHAR2(6) NOT NULL,
CONSTRAINT BUISNESS_PK PRIMARY KEY (buisness_id),
FOREIGN KEY (bsn_catg) REFERENCES BUISNESS_CATEGORY(bsn_catg_id)
 );
/

CREATE TABLE USER_YELP
(
user_id VARCHAR2(6) NOT NULL,
f_name VARCHAR2(26) NOT NULL,
l_name VARCHAR2(26) NOT NULL,
gender VARCHAR(1) NOT NULL,
birthplace VARCHAR2(26) NOT NULL,
dob DATE NOT NULL,
email VARCHAR2(32) NOT NULL,
CONSTRAINT USER_PK PRIMARY KEY (user_id),
CONSTRAINT GENDER_CK check(gender IN ('M','F'))

);
/

CREATE TABLE USER_FRIEND
(
friend_id VARCHAR2(6) NOT NULL,
f_user_id VARCHAR2(6) NOT NULL,
CONSTRAINT user_friend_PK PRIMARY KEY(friend_id, f_user_id),
CONSTRAINT USER_FRIEND_FK1 FOREIGN KEY (friend_id) REFERENCES USER_YELP(user_id),
CONSTRAINT USER_FRIEND_FK2 FOREIGN KEY (f_user_id) REFERENCES USER_YELP(user_id),

);
/
CREATE TABLE REVIEWS
(
  review_id VARCHAR2(6) NOT NULL,
  review_content VARCHAR2(26),
	rating NUMBER(1) NOT NULL,
  publish_date TIMESTAMP NOT NULL,
	rec_notrec VARCHAR2(8) NOT NULL,
  votes_funny NUMBER(1) NOT NULL,
  votes_cool NUMBER(1) NOT NULL,
  votes_useful NUMBER(1) NOT NULL,
  b_id VARCHAR2(6) NOT NULL,
  author_id VARCHAR2(6) NOT NULL,
	CONSTRAINT REVIEW_PK PRIMARY KEY (review_id),
  CONSTRAINT ck_rating check( rating>=1 AND rating<=5),
  CONSTRAINT ck_recnotrec check(rec_notrec IN ('N','R')),
	CONSTRAINT fk_b_id FOREIGN KEY (b_id) REFERENCES BUISNESS(buisness_id),
  CONSTRAINT fk_a_id FOREIGN KEY (author_id) REFERENCES USER_FRIEND(friend_id)
  );
/
CREATE TABLE PHOTO
(
	photo_id VARCHAR2(6) NOT NULL,
	author_id VARCHAR2(6) NOT NULL,
	description VARCHAR2(99) NULL,
	p_userid VARCHAR2(6) NOT NULL,
	p_rvwid VARCHAR2(6)NOT NULL,
	CONSTRAINT PHOTO_PK PRIMARY KEY(photo_id),
	FOREIGN KEY(author_id) REFERENCES USER_YELP(user_id),
	FOREIGN KEY(p_userid) REFERENCES USER_YELP(user_id),
	FOREIGN KEY(p_rvwid) REFERENCES REVIEWS(review_id)
);
/
CREATE TABLE Rates_USER_BUISNESS
(
user_id VARCHAR2(6) NOT NULL,
buisness_id VARCHAR2(6) NOT NULL,
scales Number(1),
CONSTRAINT user_BUISNESS_PK PRIMARY KEY(user_id,buisness_id),
CONSTRAINT ck_SCALES check( scales>=1 AND scales<=10),
CONSTRAINT user_BUISNESS_FK1 FOREIGN KEY (user_id) REFERENCES USER_YELP(user_id),
CONSTRAINT user_BUISNESS_FK2 FOREIGN KEY (buisness_id) REFERENCES BUISNESS(BUISNESS_ID)

);
/
CREATE TABLE USER_COMPLIMENTS_FRIENDS
(
USER_ID VARCHAR2(6) NOT NULL,
COMPLEMENTS_ID VARCHAR2(6) NOT NULL,

CONSTRAINT user_compliments_friend_FK1 FOREIGN KEY (USER_id) REFERENCES USER_YELP(user_id),
CONSTRAINT user_compliments_friend_FK2 FOREIGN KEY (complements_id) REFERENCES USER_YELP(user_id)

);
/
CREATE TABLE PROVIDE_USER_REVIEWS
(
USER_ID VARCHAR2(6) NOT NULL,
REVIEW_ID VARCHAR2(6) NOT NULL,
CONSTRAINT user_reviews_PK PRIMARY KEY(user_id, review_id),
CONSTRAINT user_reviews_FK1 FOREIGN KEY (user_id) REFERENCES USER_YELP(user_id),
CONSTRAINT user_reviews_FK2 FOREIGN KEY (review_id) REFERENCES reviews(review_id)
);
/
CREATE TABLE VOTES_USER_REVIEWS
(
USER_ID VARCHAR2(6) NOT NULL,
REVIEW_ID VARCHAR2(6) NOT NULL,
votes_funny NUMBER(1) ,
votes_cool NUMBER(1) ,
votes_useful NUMBER(1),
CONSTRAINT votes_user_reviews_PK PRIMARY KEY(user_id, review_id),
CONSTRAINT votes_user_reviews_FK1 FOREIGN KEY (user_id) REFERENCES USER_YELP(user_id),
CONSTRAINT votes_user_reviews_FK2 FOREIGN KEY (review_id) REFERENCES reviews(review_id)
);
/
CREATE TABLE BELONG_T0_REVIEW_BUISNESS
(
REVIEW_id VARCHAR2(6) NOT NULL,
buisness_id VARCHAR2(6) NOT NULL,
CONSTRAINT belont_to_revbsn_PK PRIMARY KEY(review_id,buisness_id),
CONSTRAINT belont_to_revbsn_FK1 FOREIGN KEY (review_id) REFERENCES reviews(review_id),
CONSTRAINT belont_to_revbsn_FK2 FOREIGN KEY (buisness_id) REFERENCES buisness(buisness_id)
);
/
CREATE TABLE BELONG_TO_PHOTO_BUISNESS
(
PHOTO_ID VARCHAR2(6) NOT NULL,
BUISNESS_ID VARCHAR2(6) NOT NULL,
CONSTRAINT belong_to_phbsn_PK PRIMARY KEY(photo_id,buisness_id),
CONSTRAINT belong_to_phbsn_FK1 FOREIGN KEY (photo_id) REFERENCES reviews(review_id),
CONSTRAINT belong_to_phbsn_FK2 FOREIGN KEY (buisness_id) REFERENCES buisness(buisness_id)
);
/
CREATE TABLE MARKED_USER_PHOTO
(
USER_ID VARCHAR2(6) NOT NULL,
PHOTO_ID VARCHAR2(6) NOT NULL,
CONSTRAINT marked_user_p_FK1 FOREIGN KEY (user_id) REFERENCES USER_YELP(user_id),
CONSTRAINT marked_user_p_FK2 FOREIGN KEY (photo_id) REFERENCES photo(photo_id)
);
/
/*insert data into Buisnes_category Table*/
INSERT INTO BUISNESS_CATEGORY (BSN_CATG_ID,BSN_CATG_NAME,BSN_CATG_TYPE) VALUES('BCT1','Amusement Parks','Music');
INSERT INTO BUISNESS_CATEGORY (BSN_CATG_ID,BSN_CATG_NAME,BSN_CATG_TYPE) VALUES('BCT2','Gymnastics','Department');
INSERT INTO BUISNESS_CATEGORY (BSN_CATG_ID,BSN_CATG_NAME,BSN_CATG_TYPE) VALUES('BCT3','Architects','Department');
INSERT INTO BUISNESS_CATEGORY (BSN_CATG_ID,BSN_CATG_NAME,BSN_CATG_TYPE) VALUES('BCT4','Windshield','Department');
INSERT INTO BUISNESS_CATEGORY (BSN_CATG_ID,BSN_CATG_NAME,BSN_CATG_TYPE) VALUES('BCT5','Breakfast and Brunch','Restaurant');
INSERT INTO BUISNESS_CATEGORY (BSN_CATG_ID,BSN_CATG_NAME,BSN_CATG_TYPE) VALUES('BCT6','Career Counseling','Department');
INSERT INTO BUISNESS_CATEGORY (BSN_CATG_ID,BSN_CATG_NAME,BSN_CATG_TYPE) VALUES('BCT7','Coffee Shops','Restaurant');
INSERT INTO BUISNESS_CATEGORY (BSN_CATG_ID,BSN_CATG_NAME,BSN_CATG_TYPE) VALUES('BCT8','Food and More','Restaurant');
INSERT INTO BUISNESS_CATEGORY (BSN_CATG_ID,BSN_CATG_NAME,BSN_CATG_TYPE) VALUES('BCT9','Pool Cleaners','Department');
INSERT INTO BUISNESS_CATEGORY (BSN_CATG_ID,BSN_CATG_NAME,BSN_CATG_TYPE) VALUES('BCT10','Bars','Restaurant');
INSERT INTO BUISNESS_CATEGORY (BSN_CATG_ID,BSN_CATG_NAME,BSN_CATG_TYPE) VALUES('BCT11','Burgers','Restaurant');

/*Insert data into Buisnes*/
/*Insert data into Buisnes*/
INSERT INTO BUISNESS(BUISNESS_ID,BUISNESS_NAME,STREET,CITY,STATES,ZIP,PHONE_NO,REVIEW_COUNT,BSN_CATG) VALUES('B1','Big Surf','1500 N McClintock Dr','Tempe','AZ','85281','(520) 622-6400','2','BCT1');
INSERT INTO BUISNESS(BUISNESS_ID,BUISNESS_NAME,STREET,CITY,STATES,ZIP,PHONE_NO,REVIEW_COUNT,BSN_CATG) VALUES('B2','AirBorne COFFEE','1515, Walsh Avenue','Santa Clara','CA','95050','(408)524-3580',NULL,'BCT2');
INSERT INTO BUISNESS(BUISNESS_ID,BUISNESS_NAME,STREET,CITY,STATES,ZIP,PHONE_NO,REVIEW_COUNT,BSN_CATG) VALUES('B3','Pedley Richard Architect','2231 Schrock Road','Columbus','OH','43229','(419)-244-5200',NULL,'BCT3');
INSERT INTO BUISNESS(BUISNESS_ID,BUISNESS_NAME,STREET,CITY,STATES,ZIP,PHONE_NO,REVIEW_COUNT,BSN_CATG) VALUES('B4','Safelite AutoGlass','2080 West Chandler Blvd.','Chandler','AZ','85224','(520)-465-5225','11','BCT4');
INSERT INTO BUISNESS(BUISNESS_ID,BUISNESS_NAME,STREET,CITY,STATES,ZIP,PHONE_NO,REVIEW_COUNT,BSN_CATG) VALUES('B5','SMITH THOMSON','1595 Spring Hill Road Suite 110','Vienna','VA','22182','(855)-808-1480','1','BCT5');
INSERT INTO BUISNESS(BUISNESS_ID,BUISNESS_NAME,STREET,CITY,STATES,ZIP,PHONE_NO,REVIEW_COUNT,BSN_CATG) VALUES('B6','Bay Area Coffee Shop','1522 W. Sam Rayburn Dr.','Bonham','CA','95051','(408)-876 7785',NULL,'BCT7');
INSERT INTO BUISNESS(BUISNESS_ID,BUISNESS_NAME,STREET,CITY,STATES,ZIP,PHONE_NO,REVIEW_COUNT,BSN_CATG) VALUES('B7','China  Coffee Toffee','2570 El Camino Real','Santa Clara','CA','95051','(408)-261-9000',NULL,'BCT8');
INSERT INTO BUISNESS(BUISNESS_ID,BUISNESS_NAME,STREET,CITY,STATES,ZIP,PHONE_NO,REVIEW_COUNT,BSN_CATG) VALUES('B8','Hastings Water Works','10331 Brecksville Rd.','Brecksville','OH','44141','(440)-832-7700',NULL,'BCT9');
INSERT INTO BUISNESS(BUISNESS_ID,BUISNESS_NAME,STREET,CITY,STATES,ZIP,PHONE_NO,REVIEW_COUNT,BSN_CATG) VALUES('B9','Catch Your Big Break','2341 Roosevelt Ct','Santa Clara','CA','95051','(408)-827-8383',NULL,'BCT6');

INSERT INTO BUISNESS(BUISNESS_ID,BUISNESS_NAME,STREET,CITY,STATES,ZIP,PHONE_NO,REVIEW_COUNT,BSN_CATG) VALUES('B10','The Cinebar','2085 South Western Suite # 2OO','Torrance','CA','98765','(408) 465 8308','12','BCT10');

INSERT INTO BUISNESS(BUISNESS_ID,BUISNESS_NAME,STREET,CITY,STATES,ZIP,PHONE_NO,REVIEW_COUNT,BSN_CATG) VALUES('B11','Coffee Bar and Bistro','2585 El Camino Real','Santa Clara','CA','90501','(408)-465-8208','1','BCT10');
INSERT INTO BUISNESS(BUISNESS_ID,BUISNESS_NAME,STREET,CITY,STATES,ZIP,PHONE_NO,REVIEW_COUNT,BSN_CATG) VALUES('B12','Renegades','2515, Winceshter Road','Santa Clara','CA','95051','(408)-465-8108',NULL,'BCT10');
INSERT INTO BUISNESS(BUISNESS_ID,BUISNESS_NAME,STREET,CITY,STATES,ZIP,PHONE_NO,REVIEW_COUNT,BSN_CATG) VALUES('B13','Alexs 49er Inn','2232 Schrock Road','Columbus','OH','43229','(419)-465-8018','1','BCT10');
INSERT INTO BUISNESS(BUISNESS_ID,BUISNESS_NAME,STREET,CITY,STATES,ZIP,PHONE_NO,REVIEW_COUNT,BSN_CATG) VALUES('B14','Red Stag Lounge','1031 Brecksville Rd','Brecksville','OH','44141','(419)-465-8028','1','BCT10');
INSERT INTO BUISNESS(BUISNESS_ID,BUISNESS_NAME,STREET,CITY,STATES,ZIP,PHONE_NO,REVIEW_COUNT,BSN_CATG) VALUES('B15','JJs Blues','331 Brecksville Rd.','Brecksville','OH',' 44141','(419)-465-8108',NULL,'BCT10');
INSERT INTO BUISNESS(BUISNESS_ID,BUISNESS_NAME,STREET,CITY,STATES,ZIP,PHONE_NO,REVIEW_COUNT,BSN_CATG) VALUES('B16','The Bears Cocktails','15 Spring Hill Road Suite 110','Vienna',' VA','22182','(844)-465-8028',1,'BCT10');
INSERT INTO BUISNESS(BUISNESS_ID,BUISNESS_NAME,STREET,CITY,STATES,ZIP,PHONE_NO,REVIEW_COUNT,BSN_CATG) VALUES('B17','Trials Pub','95 Spring Hill Road Suite 110','Vienna','VA','22182','(844)-465-8038',NULL,'BCT10');
INSERT INTO BUISNESS(BUISNESS_ID,BUISNESS_NAME,STREET,CITY,STATES,ZIP,PHONE_NO,REVIEW_COUNT,BSN_CATG) VALUES('B18','Santa Cruz Wine Bar','25 Spring Hill Road Suite 110','Vienna','VA','22182','(844)-465-8048',1,'BCT10');
INSERT INTO BUISNESS(BUISNESS_ID,BUISNESS_NAME,STREET,CITY,STATES,ZIP,PHONE_NO,REVIEW_COUNT,BSN_CATG) VALUES('B19','Firehouse No 1 Gastropub','1501 N McClintock Dr','Tempe','AZ','85281','(520)-465-8058',1,'BCT10');
INSERT INTO BUISNESS(BUISNESS_ID,BUISNESS_NAME,STREET,CITY,STATES,ZIP,PHONE_NO,REVIEW_COUNT,BSN_CATG) VALUES('B20','Original Gravity Public House','1502 N McClintock Dr','Tempe','AZ','85281','(520)-465-8068',NULL,'BCT10');
INSERT INTO BUISNESS(BUISNESS_ID,BUISNESS_NAME,STREET,CITY,STATES,ZIP,PHONE_NO,REVIEW_COUNT,BSN_CATG) VALUES('B21','Hobees','90 Skyport Dr',' San Jose','CA',' 95110','(408)-465-8078',2,'BCT5');
INSERT INTO BUISNESS(BUISNESS_ID,BUISNESS_NAME,STREET,CITY,STATES,ZIP,PHONE_NO,REVIEW_COUNT,BSN_CATG) VALUES('B22','Cafe Gourmet','80 N Market St','San Jose','CA',' 95113','(408)-465-8088',2,'BCT5');
INSERT INTO BUISNESS(BUISNESS_ID,BUISNESS_NAME,STREET,CITY,STATES,ZIP,PHONE_NO,REVIEW_COUNT,BSN_CATG) VALUES('B23','The Table','72 S 1st St','San Jose','CA',' 95113','(408)-465-8908',2,'BCT5');
INSERT INTO BUISNESS(BUISNESS_ID,BUISNESS_NAME,STREET,CITY,STATES,ZIP,PHONE_NO,REVIEW_COUNT,BSN_CATG) VALUES('B24','Top Nosh Café','69 N San Pedro St','San Jose','CA',' 95110','(408)-465-8098',3,'BCT5');
INSERT INTO BUISNESS(BUISNESS_ID,BUISNESS_NAME,STREET,CITY,STATES,ZIP,PHONE_NO,REVIEW_COUNT,BSN_CATG) VALUES('B25','Breakfast Place','30 E Santa Clara St','San Jose','CA',' 95113','(408)-465-8808',2,'BCT5');
INSERT INTO BUISNESS(BUISNESS_ID,BUISNESS_NAME,STREET,CITY,STATES,ZIP,PHONE_NO,REVIEW_COUNT,BSN_CATG) VALUES('B26','Cafe Rosalena','87 N San Pedro St','San Jose','CA','95110','(408)-465-8708',2,'BCT5');
INSERT INTO BUISNESS(BUISNESS_ID,BUISNESS_NAME,STREET,CITY,STATES,ZIP,PHONE_NO,REVIEW_COUNT,BSN_CATG) VALUES('B27','Southern Kitchen','100 W San Carlos St','San Jose','CA','95113','(408)-465-8608',2,'BCT5');
INSERT INTO BUISNESS(BUISNESS_ID,BUISNESS_NAME,STREET,CITY,STATES,ZIP,PHONE_NO,REVIEW_COUNT,BSN_CATG) VALUES('B28','Holders Country Inn','22 N Almaden Ave','San Jose','CA','95110','(408)-465-8508',1,'BCT5');
INSERT INTO BUISNESS(BUISNESS_ID,BUISNESS_NAME,STREET,CITY,STATES,ZIP,PHONE_NO,REVIEW_COUNT,BSN_CATG) VALUES('B29','Hobees Restaurant','1110 Willow St','San Jose','CA','95125','(408)-465-8408',1,'BCT5');
INSERT INTO BUISNESS(BUISNESS_ID,BUISNESS_NAME,STREET,CITY,STATES,ZIP,PHONE_NO,REVIEW_COUNT,BSN_CATG) VALUES('B30','Cafe San Jose','21 N 2nd St','San Jose','CA','95113','(408)-465-8308',1,'BCT5');
INSERT INTO BUISNESS(BUISNESS_ID,BUISNESS_NAME,STREET,CITY,STATES,ZIP,PHONE_NO,REVIEW_COUNT,BSN_CATG) VALUES('B31','Bill of Fare','96 S 1st St','San Jose','CA','95113','(408)-465-8208',1,'BCT5');
INSERT INTO BUISNESS(BUISNESS_ID,BUISNESS_NAME,STREET,CITY,STATES,ZIP,PHONE_NO,REVIEW_COUNT,BSN_CATG) VALUES('B32','Bills Café','16 S 2nd St','San Jose','CA','95113','(408)-465-8108',1,'BCT5');
INSERT INTO BUISNESS(BUISNESS_ID,BUISNESS_NAME,STREET,CITY,STATES,ZIP,PHONE_NO,REVIEW_COUNT,BSN_CATG) VALUES('B33','American Gymnastics Association','5847 San Felipe, Suite 2400 ','Houston','TX',' 77057','(432)-520-7647',1,'BCT2');
INSERT INTO BUISNESS(BUISNESS_ID,BUISNESS_NAME,STREET,CITY,STATES,ZIP,PHONE_NO,REVIEW_COUNT,BSN_CATG) VALUES('B34','Dollamur Sport Surfaces','5850 San Felipe,Suite 2400','Houston','TX',' 77057','(432)-386-3125',1,'BCT2');
INSERT INTO BUISNESS(BUISNESS_ID,BUISNESS_NAME,STREET,CITY,STATES,ZIP,PHONE_NO,REVIEW_COUNT,BSN_CATG) VALUES('B35','Connecticut Gymnastics','132 Terry Road','Hartford','CT',' 06105','(203) 483-5896',1,'BCT2');
INSERT INTO BUISNESS(BUISNESS_ID,BUISNESS_NAME,STREET,CITY,STATES,ZIP,PHONE_NO,REVIEW_COUNT,BSN_CATG) VALUES('B36','Sherleys Gymnastics','1132 Terry Road','Hartford','CT','06105','(860) 522-2530',1,'BCT2');
INSERT INTO BUISNESS(BUISNESS_ID,BUISNESS_NAME,STREET,CITY,STATES,ZIP,PHONE_NO,REVIEW_COUNT,BSN_CATG) VALUES('B37','In-N-Out Burger','380 South 9th Street,','San Jose','CA','95112','(408)-804-8782',1,'BCT11');
INSERT INTO BUISNESS(BUISNESS_ID,BUISNESS_NAME,STREET,CITY,STATES,ZIP,PHONE_NO,REVIEW_COUNT,BSN_CATG) VALUES('B38','The Counter Santana Row','350 South 9th Street,','San Jose','CA','95112','(408)-804-8783',1,'BCT11');
INSERT INTO BUISNESS(BUISNESS_ID,BUISNESS_NAME,STREET,CITY,STATES,ZIP,PHONE_NO,REVIEW_COUNT,BSN_CATG) VALUES('B39','Sliders','320 South 9th Street,','San Jose','CA','95112','(408)-804-8784',2,'BCT11');
INSERT INTO BUISNESS(BUISNESS_ID,BUISNESS_NAME,STREET,CITY,STATES,ZIP,PHONE_NO,REVIEW_COUNT,BSN_CATG) VALUES('B40','Burger Barn','325 South 8th Street,','San Jose','CA','95112','(408)-804-8785',2,'BCT11');
INSERT INTO BUISNESS(BUISNESS_ID,BUISNESS_NAME,STREET,CITY,STATES,ZIP,PHONE_NO,REVIEW_COUNT,BSN_CATG) VALUES('B41','The Habit Burger Grill','375 South 9th Street,','San Jose','CA','95112','(408)-804-8786',2,'BCT11');
INSERT INTO BUISNESS(BUISNESS_ID,BUISNESS_NAME,STREET,CITY,STATES,ZIP,PHONE_NO,REVIEW_COUNT,BSN_CATG) VALUES('B42','Konjoe Burger Bar','355 South 8th Street,','San Jose','CA','95112','(408)-804-8787',12,'BCT11');



/*Insert data into User_Yelp Table*/
INSERT INTO USER_YELP(USER_ID,F_NAME,L_NAME,GENDER,BIRTHPLACE,DOB,EMAIL) VALUES('Y1','John','Smith','M','LAKE CITY,FL 32056', to_date('12/12/1992','MM/DD/YYYY'),'john@yahoo.com');
INSERT INTO USER_YELP(USER_ID,F_NAME,L_NAME,GENDER,BIRTHPLACE,DOB,EMAIL) VALUES('Y2','Juan','Carlos','M','Adak,AK 99546',to_date('2-7-1988','MM/DD/YYYY'),'juan@gmail.com' );
INSERT INTO USER_YELP(USER_ID,F_NAME,L_NAME,GENDER,BIRTHPLACE,DOB,EMAIL) VALUES('Y3','Jane','Chapel','F','VERNON HILLS,IL 60061',to_date('6-1-1980','MM/DD/YYYY'),'Jane@gmail.com' );
INSERT INTO USER_YELP(USER_ID,F_NAME,L_NAME,GENDER,BIRTHPLACE,DOB,EMAIL) VALUES('Y4','Aditya','Awasthi','M','SAN FRANCISCO, CA 94102',to_date('4-12-1964','MM/DD/YYYY'),'adi@yahoo.com' );
INSERT INTO USER_YELP(USER_ID,F_NAME,L_NAME,GENDER,BIRTHPLACE,DOB,EMAIL) VALUES('Y5','James','Williams','M','NEW YORK,NY 10010',to_date('5-5-1991','MM/DD/YYYY'),'james@hotmail.com');
INSERT INTO USER_YELP(USER_ID,F_NAME,L_NAME,GENDER,BIRTHPLACE,DOB,EMAIL) VALUES('Y6','Mike','Brown','M','CEDAR FALLS, NC 27230',to_date('3-1-1988','MM/DD/YYYY'),'mike@yahoo.com');
INSERT INTO USER_YELP(USER_ID,F_NAME,L_NAME,GENDER,BIRTHPLACE,DOB,EMAIL) VALUES('Y7','Bob','Jones','M','FISHERS ISLAND,NY 06390',to_date('2-19-1970','MM/DD/YYYY'),'bob@yahoo.com');
INSERT INTO USER_YELP(USER_ID,F_NAME,L_NAME,GENDER,BIRTHPLACE,DOB,EMAIL) VALUES('Y8','Wei','Zhang','F','LAS VEGAS,NV 89030',to_date('3-18-1975','MM/DD/YYYY'),'wei@gmail.com');
INSERT INTO USER_YELP(USER_ID,F_NAME,L_NAME,GENDER,BIRTHPLACE,DOB,EMAIL) VALUES('Y9','Mark','Davis','M','LOS ANGELES,CA 90007',to_date('11-2-1945','MM/DD/YYYY'),'mark@gmail.com');
INSERT INTO USER_YELP(USER_ID,F_NAME,L_NAME,GENDER,BIRTHPLACE,DOB,EMAIL) VALUES('Y10','Daniel','Garcia','M','CALDWELL,NJ 07004',to_date('5-10-1984','MM/DD/YYYY'),'daniel@yahoo.com');
INSERT INTO USER_YELP(USER_ID,F_NAME,L_NAME,GENDER,BIRTHPLACE,DOB,EMAIL) VALUES('Y11','Maria','Rodriguez','F','LOS ANGELES,CA 90007',to_date('8-12-1985','MM/DD/YYYY'),'maria@hotmail.com');
INSERT INTO USER_YELP(USER_ID,F_NAME,L_NAME,GENDER,BIRTHPLACE,DOB,EMAIL) VALUES('Y12','Freya','Wilson','F','CLIFFSIDE PARK,NJ 07010',to_date('10-5-1990','MM/DD/YYYY'),'freya@yahoo.com');
INSERT INTO USER_YELP(USER_ID,F_NAME,L_NAME,GENDER,BIRTHPLACE,DOB,EMAIL) VALUES('Y13','Kelley','Abraham','F','REDONDO BEACH,CA 90278',to_date('11-27-1995','MM/DD/YYYY'),'kell@gmail.com ');
INSERT INTO USER_YELP(USER_ID,F_NAME,L_NAME,GENDER,BIRTHPLACE,DOB,EMAIL) VALUES('Y14','Xiuying','Wang','F','ALLEMAN,IA 50007',to_date('9-23-1982','MM/DD/YYYY'),'xiuying@yahoo.com');
INSERT INTO USER_YELP(USER_ID,F_NAME,L_NAME,GENDER,BIRTHPLACE,DOB,EMAIL) VALUES('Y15','Sahil','Gupta','M','AMHERST,MA 01004',to_date('2-19-1976','MM/DD/YYYY'),'Sahil@yahoo.com');
INSERT INTO USER_YELP(USER_ID,F_NAME,L_NAME,GENDER,BIRTHPLACE,DOB,EMAIL) VALUES('Y16','David','Atkinson','M','SANTA MONICA,CA 90411',to_date('1-2-1992','MM/DD/YYYY'),'david@gmail.com');
INSERT INTO USER_YELP(USER_ID,F_NAME,L_NAME,GENDER,BIRTHPLACE,DOB,EMAIL) VALUES('Y17','Qui','Liu','F','CHARLOTTE HALL,MD 20622',to_date('3-13-1979','MM/DD/YYYY'),'qui@gmail.com');
INSERT INTO USER_YELP(USER_ID,F_NAME,L_NAME,GENDER,BIRTHPLACE,DOB,EMAIL) VALUES('Y18','Chris','Miller','M','PHOENIX, AZ 85009',to_date('7-9-1979','MM/DD/YYYY'),'chris@yahoo.com');
INSERT INTO USER_YELP(USER_ID,F_NAME,L_NAME,GENDER,BIRTHPLACE,DOB,EMAIL) VALUES('Y19','David','Johnson','M',' BELLEVUE,NE 68005',to_date('6-23-1981','MM/DD/YYYY'),'david@yahoo.co.in');
INSERT INTO USER_YELP(USER_ID,F_NAME,L_NAME,GENDER,BIRTHPLACE,DOB,EMAIL) VALUES('Y20','Alana','Diaz','F','AMA,LA  70031',to_date('9-15-1993','MM/DD/YYYY'),'alana@hotmail.com');
INSERT INTO USER_YELP(USER_ID,F_NAME,L_NAME,GENDER,BIRTHPLACE,DOB,EMAIL) VALUES('Y21','Abner','Harris','M','SANTA CLARA, CA 95050',to_date('8-12-1990','MM/DD/YYYY'),'abner@gmail.com');
INSERT INTO USER_YELP(USER_ID,F_NAME,L_NAME,GENDER,BIRTHPLACE,DOB,EMAIL) VALUES('Y22','Abby','Garcia','M','SANTA CLARA, CA 95050',to_date('2-14-1989','MM/DD/YYYY'),'abby@hotmail.com');
INSERT INTO USER_YELP(USER_ID,F_NAME,L_NAME,GENDER,BIRTHPLACE,DOB,EMAIL) VALUES('Y23','Alana','Robinson','F','Santa Clara, CA 95053',to_date('4-7-1984','MM/DD/YYYY'),'alana@yahoo.com');
INSERT INTO USER_YELP(USER_ID,F_NAME,L_NAME,GENDER,BIRTHPLACE,DOB,EMAIL) VALUES('Y24','Joanne','Lesniak','F','Santa Clara, CA 95050',to_date('4-8-1984','MM/DD/YYYY'),'joanne@yahoo.com');
INSERT INTO USER_YELP(USER_ID,F_NAME,L_NAME,GENDER,BIRTHPLACE,DOB,EMAIL) VALUES('Y25','Bethany','Hughes','F','Santa Clara, CA 95051',to_date('4-8-1984','MM/DD/YYYY'),'bethany@gmail.com');


/*Insert Data into Reviews*/
INSERT INTO REVIEWS(REVIEW_ID,REVIEW_CONTENT,RATING,PUBLISH_DATE,REC_NOTREC,VOTES_FUNNY,VOTES_COOL,VOTES_USEFUL,B_ID,AUTHOR_ID) VALUES('R1','',2,TO_TIMESTAMP('09-02-07 09:11:17','MM-DD-YY HH24:MI:SS'),'R',2,2,2,'B1','Y1');
INSERT INTO REVIEWS(REVIEW_ID,REVIEW_CONTENT,RATING,PUBLISH_DATE,REC_NOTREC,VOTES_FUNNY,VOTES_COOL,VOTES_USEFUL,B_ID,AUTHOR_ID) VALUES('R2','',5,TO_TIMESTAMP('09-02-07 01:31:39','MM-DD-YY HH24:MI:SS'),'N',3,2,1,'B4','Y4');
INSERT INTO REVIEWS(REVIEW_ID,REVIEW_CONTENT,RATING,PUBLISH_DATE,REC_NOTREC,VOTES_FUNNY,VOTES_COOL,VOTES_USEFUL,B_ID,AUTHOR_ID) VALUES('R3','',4,TO_TIMESTAMP(' 09-02-07 09:10:54','MM-DD-YY HH24:MI:SS.FF'),'R',1,2,3,'B5','Y2');
INSERT INTO REVIEWS(REVIEW_ID,REVIEW_CONTENT,RATING,PUBLISH_DATE,REC_NOTREC,VOTES_FUNNY,VOTES_COOL,VOTES_USEFUL,B_ID,AUTHOR_ID) VALUES('R4','',5,TO_TIMESTAMP('09-02-07 13:05:56','MM-DD-YY HH24:MI:SS.FF'),'R',2,3,1,'B4','Y3');
INSERT INTO REVIEWS(REVIEW_ID,REVIEW_CONTENT,RATING,PUBLISH_DATE,REC_NOTREC,VOTES_FUNNY,VOTES_COOL,VOTES_USEFUL,B_ID,AUTHOR_ID) VALUES('R5','',5,TO_TIMESTAMP('09-29-07 10:38:25','MM-DD-YY HH24:MI:SS.FF'),'R',3,1,2,'B4','Y6');
INSERT INTO REVIEWS(REVIEW_ID,REVIEW_CONTENT,RATING,PUBLISH_DATE,REC_NOTREC,VOTES_FUNNY,VOTES_COOL,VOTES_USEFUL,B_ID,AUTHOR_ID) VALUES('R6','',5,TO_TIMESTAMP('08-29-07 14:30:47','MM-DD-YY HH24:MI:SS.FF'),'N',1,4,2,'B4','Y12');
INSERT INTO REVIEWS(REVIEW_ID,REVIEW_CONTENT,RATING,PUBLISH_DATE,REC_NOTREC,VOTES_FUNNY,VOTES_COOL,VOTES_USEFUL,B_ID,AUTHOR_ID) VALUES('R7','',5,TO_TIMESTAMP('Sep-29-07 13:52:25','MM-DD-YY HH24:MI:SS.FF'),'N',3,2,1,'B4','Y5');
INSERT INTO REVIEWS(REVIEW_ID,REVIEW_CONTENT,RATING,PUBLISH_DATE,REC_NOTREC,VOTES_FUNNY,VOTES_COOL,VOTES_USEFUL,B_ID,AUTHOR_ID) VALUES('R8','',4,TO_TIMESTAMP('08-28-07 19:46:08','MM-DD-YY HH24:MI:SS.FF'),'R',2,3,3,'B4','Y2');
INSERT INTO REVIEWS(REVIEW_ID,REVIEW_CONTENT,RATING,PUBLISH_DATE,REC_NOTREC,VOTES_FUNNY,VOTES_COOL,VOTES_USEFUL,B_ID,AUTHOR_ID) VALUES('R9','',1,TO_TIMESTAMP('08-29-07 13:45:00','MM-DD-YY HH24:MI:SS.FF'),'N',3,1,3,'B11','Y1');
INSERT INTO REVIEWS(REVIEW_ID,REVIEW_CONTENT,RATING,PUBLISH_DATE,REC_NOTREC,VOTES_FUNNY,VOTES_COOL,VOTES_USEFUL,B_ID,AUTHOR_ID) VALUES('R10','',1,TO_TIMESTAMP('08-30-07 05:12:29','MM-DD-YY HH24:MI:SS.FF'),'R',3,1,1,'B18','Y2');
INSERT INTO REVIEWS(REVIEW_ID,REVIEW_CONTENT,RATING,PUBLISH_DATE,REC_NOTREC,VOTES_FUNNY,VOTES_COOL,VOTES_USEFUL,B_ID,AUTHOR_ID) VALUES('R11','',2,TO_TIMESTAMP('08-29-07 16:06:00','MM-DD-YY HH24:MI:SS.FF'),'R',3,3,1,'B13','Y1');
INSERT INTO REVIEWS(REVIEW_ID,REVIEW_CONTENT,RATING,PUBLISH_DATE,REC_NOTREC,VOTES_FUNNY,VOTES_COOL,VOTES_USEFUL,B_ID,AUTHOR_ID) VALUES('R12','',4,TO_TIMESTAMP('09-02-07 14:28:20','MM-DD-YY HH24:MI:SS.FF'),'N',5,2,1,'B16','Y1');

INSERT INTO REVIEWS(REVIEW_ID,REVIEW_CONTENT,RATING,PUBLISH_DATE,REC_NOTREC,VOTES_FUNNY,VOTES_COOL,VOTES_USEFUL,B_ID,AUTHOR_ID)  VALUES
('R13','',5,TO_TIMESTAMP('08-27-07 11:00:33','MM-DD-YY HH24:MI:SS.FF'),'N',4,5,3,'B24','Y2');

INSERT INTO REVIEWS(REVIEW_ID,REVIEW_CONTENT,RATING,PUBLISH_DATE,REC_NOTREC,VOTES_FUNNY,VOTES_COOL,VOTES_USEFUL,B_ID,AUTHOR_ID)  VALUES('R14','',5,TO_TIMESTAMP('09-02-07 12:45:00','MM-DD-YY HH24:MI:SS.FF'),'N',3,3,1,'B4','Y14');

INSERT INTO REVIEWS(REVIEW_ID,REVIEW_CONTENT,RATING,PUBLISH_DATE,REC_NOTREC,VOTES_FUNNY,VOTES_COOL,VOTES_USEFUL,B_ID,AUTHOR_ID)  
VALUES('R15','',3,TO_TIMESTAMP('08-29-07 16:08:39','MM-DD-YY HH24:MI:SS.FF'),'R',2,2,3,'B33','Y1');

INSERT INTO REVIEWS(REVIEW_ID,REVIEW_CONTENT,RATING,PUBLISH_DATE,REC_NOTREC,VOTES_FUNNY,VOTES_COOL,VOTES_USEFUL,B_ID,AUTHOR_ID)  VALUES('R16','',2,TO_TIMESTAMP('08-29-07 16:45:34','MM-DD-YY HH24:MI:SS.FF'),'R',1,2,3,'B1','Y1');

INSERT INTO REVIEWS(REVIEW_ID,REVIEW_CONTENT,RATING,PUBLISH_DATE,REC_NOTREC,VOTES_FUNNY,VOTES_COOL,VOTES_USEFUL,B_ID,AUTHOR_ID)  
VALUES('R17','',4,TO_TIMESTAMP('08-25-07 17:18:31','MM-DD-YY HH24:MI:SS.FF'),'R',3,1,2,'B34','Y2');

INSERT INTO REVIEWS(REVIEW_ID,REVIEW_CONTENT,RATING,PUBLISH_DATE,REC_NOTREC,VOTES_FUNNY,VOTES_COOL,VOTES_USEFUL,B_ID,AUTHOR_ID)  VALUES('R18','',5,TO_TIMESTAMP('08-25-07 17:15:00','MM-DD-YY HH24:MI:SS.FF'),'N',2,1,2,'B4','Y3');

INSERT INTO REVIEWS(REVIEW_ID,REVIEW_CONTENT,RATING,PUBLISH_DATE,REC_NOTREC,VOTES_FUNNY,VOTES_COOL,VOTES_USEFUL,B_ID,AUTHOR_ID)  
VALUES('R19','',1,TO_TIMESTAMP('09-01-07 17:15:05','MM-DD-YY HH24:MI:SS.FF'),'R',1,2,2,'B35','Y1');

INSERT INTO REVIEWS(REVIEW_ID,REVIEW_CONTENT,RATING,PUBLISH_DATE,REC_NOTREC,VOTES_FUNNY,VOTES_COOL,VOTES_USEFUL,B_ID,AUTHOR_ID)  
VALUES('R20','',2,TO_TIMESTAMP('08-30-07 17:15:00','MM-DD-YY HH24:MI:SS.FF'),'N',1,1,1,'B36','Y2');
INSERT INTO REVIEWS(REVIEW_ID,REVIEW_CONTENT,RATING,PUBLISH_DATE,REC_NOTREC,VOTES_FUNNY,VOTES_COOL,VOTES_USEFUL,B_ID,AUTHOR_ID)  
VALUES('R21','',2,TO_TIMESTAMP('09-25-07 17:15:00','MM-DD-YY HH24:MI:SS.FF'),'N',1,1,2,'B19','Y2');

INSERT INTO REVIEWS(REVIEW_ID,REVIEW_CONTENT,RATING,PUBLISH_DATE,REC_NOTREC,VOTES_FUNNY,VOTES_COOL,VOTES_USEFUL,B_ID,AUTHOR_ID)  VALUES('R22','',5,TO_TIMESTAMP('08-26-07 17:15:00','MM-DD-YY HH24:MI:SS.FF'),'N',1,1,1,'B4','Y4');
INSERT INTO REVIEWS(REVIEW_ID,REVIEW_CONTENT,RATING,PUBLISH_DATE,REC_NOTREC,VOTES_FUNNY,VOTES_COOL,VOTES_USEFUL,B_ID,AUTHOR_ID)  VALUES('R23','',5,TO_TIMESTAMP('08-26-07 17:15:00','MM-DD-YY HH24:MI:SS.FF'),'N',1,1,1,'B4','Y6');
INSERT INTO REVIEWS(REVIEW_ID,REVIEW_CONTENT,RATING,PUBLISH_DATE,REC_NOTREC,VOTES_FUNNY,VOTES_COOL,VOTES_USEFUL,B_ID,AUTHOR_ID)  VALUES('R24','',5,TO_TIMESTAMP('08-27-07 17:15:00','MM-DD-YY HH24:MI:SS.FF'),'N',1,1,1,'B4','Y7');
INSERT INTO REVIEWS(REVIEW_ID,REVIEW_CONTENT,RATING,PUBLISH_DATE,REC_NOTREC,VOTES_FUNNY,VOTES_COOL,VOTES_USEFUL,B_ID,AUTHOR_ID)  VALUES('R25','',5,TO_TIMESTAMP('08-28-07 17:15:00','MM-DD-YY HH24:MI:SS.FF'),'N',1,1,1,'B4','Y4');
INSERT INTO REVIEWS(REVIEW_ID,REVIEW_CONTENT,RATING,PUBLISH_DATE,REC_NOTREC,VOTES_FUNNY,VOTES_COOL,VOTES_USEFUL,B_ID,AUTHOR_ID)  VALUES('R26','',5,TO_TIMESTAMP('09-29-07 17:15:00','MM-DD-YY HH24:MI:SS.FF'),'N',1,1,1,'B10','Y12');
INSERT INTO REVIEWS(REVIEW_ID,REVIEW_CONTENT,RATING,PUBLISH_DATE,REC_NOTREC,VOTES_FUNNY,VOTES_COOL,VOTES_USEFUL,B_ID,AUTHOR_ID)  VALUES('R27','',5,TO_TIMESTAMP('08-30-07 17:15:00','MM-DD-YY HH24:MI:SS.FF'),'N',1,1,1,'B10','Y5');
INSERT INTO REVIEWS(REVIEW_ID,REVIEW_CONTENT,RATING,PUBLISH_DATE,REC_NOTREC,VOTES_FUNNY,VOTES_COOL,VOTES_USEFUL,B_ID,AUTHOR_ID)  VALUES('R28','',5,TO_TIMESTAMP('08-25-07 17:15:00','MM-DD-YY HH24:MI:SS.FF'),'N',1,1,1,'B10','Y14');
INSERT INTO REVIEWS(REVIEW_ID,REVIEW_CONTENT,RATING,PUBLISH_DATE,REC_NOTREC,VOTES_FUNNY,VOTES_COOL,VOTES_USEFUL,B_ID,AUTHOR_ID)  VALUES('R29','',5,TO_TIMESTAMP('08-25-07 17:15:00','MM-DD-YY HH24:MI:SS.FF'),'N',1,1,1,'B10','Y6');
INSERT INTO REVIEWS(REVIEW_ID,REVIEW_CONTENT,RATING,PUBLISH_DATE,REC_NOTREC,VOTES_FUNNY,VOTES_COOL,VOTES_USEFUL,B_ID,AUTHOR_ID)  VALUES('R30','',5,TO_TIMESTAMP('08-25-07 17:15:00','MM-DD-YY HH24:MI:SS.FF'),'N',1,1,1,'B10','Y5');
INSERT INTO REVIEWS(REVIEW_ID,REVIEW_CONTENT,RATING,PUBLISH_DATE,REC_NOTREC,VOTES_FUNNY,VOTES_COOL,VOTES_USEFUL,B_ID,AUTHOR_ID)  VALUES('R31','',5,TO_TIMESTAMP('09-25-07 17:15:00','MM-DD-YY HH24:MI:SS.FF'),'N',1,1,1,'B10','Y6');
INSERT INTO REVIEWS(REVIEW_ID,REVIEW_CONTENT,RATING,PUBLISH_DATE,REC_NOTREC,VOTES_FUNNY,VOTES_COOL,VOTES_USEFUL,B_ID,AUTHOR_ID)  VALUES('R32','',5,TO_TIMESTAMP('08-25-07 17:15:00','MM-DD-YY HH24:MI:SS.FF'),'N',1,1,1,'B10','Y14');
INSERT INTO REVIEWS(REVIEW_ID,REVIEW_CONTENT,RATING,PUBLISH_DATE,REC_NOTREC,VOTES_FUNNY,VOTES_COOL,VOTES_USEFUL,B_ID,AUTHOR_ID)  VALUES('R33','',5,TO_TIMESTAMP('08-25-07 17:15:00','MM-DD-YY HH24:MI:SS.FF'),'N',1,1,1,'B10','Y6');
INSERT INTO REVIEWS(REVIEW_ID,REVIEW_CONTENT,RATING,PUBLISH_DATE,REC_NOTREC,VOTES_FUNNY,VOTES_COOL,VOTES_USEFUL,B_ID,AUTHOR_ID)  VALUES('R34','',5,TO_TIMESTAMP('08-25-07 17:15:00','MM-DD-YY HH24:MI:SS.FF'),'N',1,1,1,'B10','Y12');
INSERT INTO REVIEWS(REVIEW_ID,REVIEW_CONTENT,RATING,PUBLISH_DATE,REC_NOTREC,VOTES_FUNNY,VOTES_COOL,VOTES_USEFUL,B_ID,AUTHOR_ID)  VALUES('R35','',5,TO_TIMESTAMP('09-25-07 17:15:00','MM-DD-YY HH24:MI:SS.FF'),'N',1,1,1,'B10','Y14');
INSERT INTO REVIEWS(REVIEW_ID,REVIEW_CONTENT,RATING,PUBLISH_DATE,REC_NOTREC,VOTES_FUNNY,VOTES_COOL,VOTES_USEFUL,B_ID,AUTHOR_ID)  VALUES('R36','',5,TO_TIMESTAMP('08-25-07 17:15:00','MM-DD-YY HH24:MI:SS.FF'),'N',1,1,1,'B10','Y12');
INSERT INTO REVIEWS(REVIEW_ID,REVIEW_CONTENT,RATING,PUBLISH_DATE,REC_NOTREC,VOTES_FUNNY,VOTES_COOL,VOTES_USEFUL,B_ID,AUTHOR_ID)  VALUES('R37','',5,TO_TIMESTAMP('08-25-07 17:15:00','MM-DD-YY HH24:MI:SS.FF'),'N',1,1,1,'B10','Y12');

INSERT INTO REVIEWS(REVIEW_ID,REVIEW_CONTENT,RATING,PUBLISH_DATE,REC_NOTREC,VOTES_FUNNY,VOTES_COOL,VOTES_USEFUL,B_ID,AUTHOR_ID)  VALUES('R38','',5,TO_TIMESTAMP('09-25-07 17:15:00','MM-DD-YY HH24:MI:SS.FF'),'N',1,1,1,'B42','Y13');
INSERT INTO REVIEWS(REVIEW_ID,REVIEW_CONTENT,RATING,PUBLISH_DATE,REC_NOTREC,VOTES_FUNNY,VOTES_COOL,VOTES_USEFUL,B_ID,AUTHOR_ID)  VALUES('R39','',5,TO_TIMESTAMP('08-30-07 17:15:00','MM-DD-YY HH24:MI:SS.FF'),'N',1,1,1,'B42','Y20');
INSERT INTO REVIEWS(REVIEW_ID,REVIEW_CONTENT,RATING,PUBLISH_DATE,REC_NOTREC,VOTES_FUNNY,VOTES_COOL,VOTES_USEFUL,B_ID,AUTHOR_ID)  VALUES('R40','',5,TO_TIMESTAMP('08-29-07 17:15:00','MM-DD-YY HH24:MI:SS.FF'),'N',1,1,1,'B42','Y16');
INSERT INTO REVIEWS(REVIEW_ID,REVIEW_CONTENT,RATING,PUBLISH_DATE,REC_NOTREC,VOTES_FUNNY,VOTES_COOL,VOTES_USEFUL,B_ID,AUTHOR_ID)  VALUES('R41','',5,TO_TIMESTAMP('08-28-07 17:15:00','MM-DD-YY HH24:MI:SS.FF'),'N',1,1,1,'B42','Y3');
INSERT INTO REVIEWS(REVIEW_ID,REVIEW_CONTENT,RATING,PUBLISH_DATE,REC_NOTREC,VOTES_FUNNY,VOTES_COOL,VOTES_USEFUL,B_ID,AUTHOR_ID)  VALUES('R42','',5,TO_TIMESTAMP('08-27-07 17:15:00','MM-DD-YY HH24:MI:SS.FF'),'N',1,1,1,'B42','Y8');
INSERT INTO REVIEWS(REVIEW_ID,REVIEW_CONTENT,RATING,PUBLISH_DATE,REC_NOTREC,VOTES_FUNNY,VOTES_COOL,VOTES_USEFUL,B_ID,AUTHOR_ID)  VALUES('R43','',5,TO_TIMESTAMP('08-26-07 17:15:00','MM-DD-YY HH24:MI:SS.FF'),'N',1,1,1,'B42','Y8');
INSERT INTO REVIEWS(REVIEW_ID,REVIEW_CONTENT,RATING,PUBLISH_DATE,REC_NOTREC,VOTES_FUNNY,VOTES_COOL,VOTES_USEFUL,B_ID,AUTHOR_ID)  VALUES('R44','',5,TO_TIMESTAMP('08-25-07 17:15:00','MM-DD-YY HH24:MI:SS.FF'),'N',1,1,1,'B42','Y10');
INSERT INTO REVIEWS(REVIEW_ID,REVIEW_CONTENT,RATING,PUBLISH_DATE,REC_NOTREC,VOTES_FUNNY,VOTES_COOL,VOTES_USEFUL,B_ID,AUTHOR_ID)  VALUES('R45','',5,TO_TIMESTAMP('08-24-07 17:15:00','MM-DD-YY HH24:MI:SS.FF'),'N',1,1,1,'B42','Y7');
INSERT INTO REVIEWS(REVIEW_ID,REVIEW_CONTENT,RATING,PUBLISH_DATE,REC_NOTREC,VOTES_FUNNY,VOTES_COOL,VOTES_USEFUL,B_ID,AUTHOR_ID)  VALUES('R46','',5,TO_TIMESTAMP('08-23-07 17:15:00','MM-DD-YY HH24:MI:SS.FF'),'N',1,1,1,'B42','Y20');
INSERT INTO REVIEWS(REVIEW_ID,REVIEW_CONTENT,RATING,PUBLISH_DATE,REC_NOTREC,VOTES_FUNNY,VOTES_COOL,VOTES_USEFUL,B_ID,AUTHOR_ID)  VALUES('R47','',5,TO_TIMESTAMP('08-22-07 17:15:00','MM-DD-YY HH24:MI:SS.FF'),'N',1,1,1,'B42','Y17');
INSERT INTO REVIEWS(REVIEW_ID,REVIEW_CONTENT,RATING,PUBLISH_DATE,REC_NOTREC,VOTES_FUNNY,VOTES_COOL,VOTES_USEFUL,B_ID,AUTHOR_ID)  VALUES('R48','',5,TO_TIMESTAMP('08-21-07 17:15:00','MM-DD-YY HH24:MI:SS.FF'),'N',1,1,1,'B42','Y18');
INSERT INTO REVIEWS(REVIEW_ID,REVIEW_CONTENT,RATING,PUBLISH_DATE,REC_NOTREC,VOTES_FUNNY,VOTES_COOL,VOTES_USEFUL,B_ID,AUTHOR_ID)  VALUES('R49','',5,TO_TIMESTAMP('08-20-07 17:15:00','MM-DD-YY HH24:MI:SS.FF'),'N',1,1,1,'B21','Y13');
INSERT INTO REVIEWS(REVIEW_ID,REVIEW_CONTENT,RATING,PUBLISH_DATE,REC_NOTREC,VOTES_FUNNY,VOTES_COOL,VOTES_USEFUL,B_ID,AUTHOR_ID)  VALUES('R50','',4,TO_TIMESTAMP('08-19-07 17:15:00','MM-DD-YY HH24:MI:SS.FF'),'N',1,1,1,'B22','Y20');
INSERT INTO REVIEWS(REVIEW_ID,REVIEW_CONTENT,RATING,PUBLISH_DATE,REC_NOTREC,VOTES_FUNNY,VOTES_COOL,VOTES_USEFUL,B_ID,AUTHOR_ID)  VALUES('R51','',3,TO_TIMESTAMP('08-18-07 17:15:00','MM-DD-YY HH24:MI:SS.FF'),'N',1,1,1,'B23','Y16');
INSERT INTO REVIEWS(REVIEW_ID,REVIEW_CONTENT,RATING,PUBLISH_DATE,REC_NOTREC,VOTES_FUNNY,VOTES_COOL,VOTES_USEFUL,B_ID,AUTHOR_ID)  VALUES('R52','',1,TO_TIMESTAMP('08-17-07 17:15:00','MM-DD-YY HH24:MI:SS.FF'),'N',1,1,1,'B24','Y3');
INSERT INTO REVIEWS(REVIEW_ID,REVIEW_CONTENT,RATING,PUBLISH_DATE,REC_NOTREC,VOTES_FUNNY,VOTES_COOL,VOTES_USEFUL,B_ID,AUTHOR_ID)  VALUES('R53','',2,TO_TIMESTAMP('08-16-07 17:15:00','MM-DD-YY HH24:MI:SS.FF'),'N',1,1,1,'B25','Y8');
INSERT INTO REVIEWS(REVIEW_ID,REVIEW_CONTENT,RATING,PUBLISH_DATE,REC_NOTREC,VOTES_FUNNY,VOTES_COOL,VOTES_USEFUL,B_ID,AUTHOR_ID)  VALUES('R54','',4,TO_TIMESTAMP('08-15-07 17:15:00','MM-DD-YY HH24:MI:SS.FF'),'N',1,1,1,'B26','Y8');
INSERT INTO REVIEWS(REVIEW_ID,REVIEW_CONTENT,RATING,PUBLISH_DATE,REC_NOTREC,VOTES_FUNNY,VOTES_COOL,VOTES_USEFUL,B_ID,AUTHOR_ID)  VALUES('R55','',5,TO_TIMESTAMP('08-14-07 17:15:00','MM-DD-YY HH24:MI:SS.FF'),'N',1,1,1,'B27','Y10');
INSERT INTO REVIEWS(REVIEW_ID,REVIEW_CONTENT,RATING,PUBLISH_DATE,REC_NOTREC,VOTES_FUNNY,VOTES_COOL,VOTES_USEFUL,B_ID,AUTHOR_ID)  VALUES('R56','',1,TO_TIMESTAMP('08-13-07 17:15:00','MM-DD-YY HH24:MI:SS.FF'),'N',1,1,1,'B29','Y7');
INSERT INTO REVIEWS(REVIEW_ID,REVIEW_CONTENT,RATING,PUBLISH_DATE,REC_NOTREC,VOTES_FUNNY,VOTES_COOL,VOTES_USEFUL,B_ID,AUTHOR_ID)  VALUES('R57','',3,TO_TIMESTAMP('08-12-07 17:15:00','MM-DD-YY HH24:MI:SS.FF'),'N',1,1,1,'B29','Y20');
INSERT INTO REVIEWS(REVIEW_ID,REVIEW_CONTENT,RATING,PUBLISH_DATE,REC_NOTREC,VOTES_FUNNY,VOTES_COOL,VOTES_USEFUL,B_ID,AUTHOR_ID)  VALUES('R58','',5,TO_TIMESTAMP('08-11-07 17:15:00','MM-DD-YY HH24:MI:SS.FF'),'N',1,1,1,'B30','Y17');
INSERT INTO REVIEWS(REVIEW_ID,REVIEW_CONTENT,RATING,PUBLISH_DATE,REC_NOTREC,VOTES_FUNNY,VOTES_COOL,VOTES_USEFUL,B_ID,AUTHOR_ID)  VALUES('R59','',2,TO_TIMESTAMP('08-10-07 17:15:00','MM-DD-YY HH24:MI:SS.FF'),'N',1,1,1,'B31','Y18');
INSERT INTO REVIEWS(REVIEW_ID,REVIEW_CONTENT,RATING,PUBLISH_DATE,REC_NOTREC,VOTES_FUNNY,VOTES_COOL,VOTES_USEFUL,B_ID,AUTHOR_ID)  VALUES('R60','',2,TO_TIMESTAMP('08-09-07 17:15:00','MM-DD-YY HH24:MI:SS.FF'),'N',1,1,1,'B32','Y8');
INSERT INTO REVIEWS(REVIEW_ID,REVIEW_CONTENT,RATING,PUBLISH_DATE,REC_NOTREC,VOTES_FUNNY,VOTES_COOL,VOTES_USEFUL,B_ID,AUTHOR_ID)  VALUES('R61','',5,TO_TIMESTAMP('08-08-07 17:15:00','MM-DD-YY HH24:MI:SS.FF'),'N',1,1,1,'B21','Y8');
INSERT INTO REVIEWS(REVIEW_ID,REVIEW_CONTENT,RATING,PUBLISH_DATE,REC_NOTREC,VOTES_FUNNY,VOTES_COOL,VOTES_USEFUL,B_ID,AUTHOR_ID)  VALUES('R62','',4,TO_TIMESTAMP('08-07-07 17:15:00','MM-DD-YY HH24:MI:SS.FF'),'N',1,1,1,'B22','Y10');
INSERT INTO REVIEWS(REVIEW_ID,REVIEW_CONTENT,RATING,PUBLISH_DATE,REC_NOTREC,VOTES_FUNNY,VOTES_COOL,VOTES_USEFUL,B_ID,AUTHOR_ID)  VALUES('R63','',3,TO_TIMESTAMP('08-06-07 17:15:00','MM-DD-YY HH24:MI:SS.FF'),'N',1,1,1,'B23','Y7');
INSERT INTO REVIEWS(REVIEW_ID,REVIEW_CONTENT,RATING,PUBLISH_DATE,REC_NOTREC,VOTES_FUNNY,VOTES_COOL,VOTES_USEFUL,B_ID,AUTHOR_ID)  VALUES('R64','',1,TO_TIMESTAMP('08-05-07 17:15:00','MM-DD-YY HH24:MI:SS.FF'),'N',1,1,1,'B24','Y20');
INSERT INTO REVIEWS(REVIEW_ID,REVIEW_CONTENT,RATING,PUBLISH_DATE,REC_NOTREC,VOTES_FUNNY,VOTES_COOL,VOTES_USEFUL,B_ID,AUTHOR_ID)  VALUES('R65','',2,TO_TIMESTAMP('08-04-07 17:15:00','MM-DD-YY HH24:MI:SS.FF'),'N',1,1,1,'B25','Y16');
INSERT INTO REVIEWS(REVIEW_ID,REVIEW_CONTENT,RATING,PUBLISH_DATE,REC_NOTREC,VOTES_FUNNY,VOTES_COOL,VOTES_USEFUL,B_ID,AUTHOR_ID)  VALUES('R66','',4,TO_TIMESTAMP('08-03-07 17:15:00','MM-DD-YY HH24:MI:SS.FF'),'N',1,1,1,'B26','Y3');
INSERT INTO REVIEWS(REVIEW_ID,REVIEW_CONTENT,RATING,PUBLISH_DATE,REC_NOTREC,VOTES_FUNNY,VOTES_COOL,VOTES_USEFUL,B_ID,AUTHOR_ID)  VALUES('R67','',5,TO_TIMESTAMP('08-02-07 17:15:00','MM-DD-YY HH24:MI:SS.FF'),'N',1,1,1,'B27','Y8');
INSERT INTO REVIEWS(REVIEW_ID,REVIEW_CONTENT,RATING,PUBLISH_DATE,REC_NOTREC,VOTES_FUNNY,VOTES_COOL,VOTES_USEFUL,B_ID,AUTHOR_ID)  VALUES('R68','',1,TO_TIMESTAMP('09-02-07 17:15:00','MM-DD-YY HH24:MI:SS.FF'),'N',1,1,1,'B37','Y3');
INSERT INTO REVIEWS(REVIEW_ID,REVIEW_CONTENT,RATING,PUBLISH_DATE,REC_NOTREC,VOTES_FUNNY,VOTES_COOL,VOTES_USEFUL,B_ID,AUTHOR_ID)  VALUES('R69','',2,TO_TIMESTAMP('09-02-07 17:15:00','MM-DD-YY HH24:MI:SS.FF'),'N',1,1,1,'B38','Y4');
INSERT INTO REVIEWS(REVIEW_ID,REVIEW_CONTENT,RATING,PUBLISH_DATE,REC_NOTREC,VOTES_FUNNY,VOTES_COOL,VOTES_USEFUL,B_ID,AUTHOR_ID)  VALUES('R70','',3,TO_TIMESTAMP('09-02-07 17:15:00','MM-DD-YY HH24:MI:SS.FF'),'N',1,1,1,'B39','Y5');
INSERT INTO REVIEWS(REVIEW_ID,REVIEW_CONTENT,RATING,PUBLISH_DATE,REC_NOTREC,VOTES_FUNNY,VOTES_COOL,VOTES_USEFUL,B_ID,AUTHOR_ID)  VALUES('R71','',3,TO_TIMESTAMP('05-01-11 17:15:00','MM-DD-YY HH24:MI:SS.FF'),'N',1,1,1,'B40','Y6');
INSERT INTO REVIEWS(REVIEW_ID,REVIEW_CONTENT,RATING,PUBLISH_DATE,REC_NOTREC,VOTES_FUNNY,VOTES_COOL,VOTES_USEFUL,B_ID,AUTHOR_ID)  VALUES('R72','',4,TO_TIMESTAMP('05-02-11 17:15:00','MM-DD-YY HH24:MI:SS.FF'),'N',1,1,1,'B41','Y7');
INSERT INTO REVIEWS(REVIEW_ID,REVIEW_CONTENT,RATING,PUBLISH_DATE,REC_NOTREC,VOTES_FUNNY,VOTES_COOL,VOTES_USEFUL,B_ID,AUTHOR_ID)  VALUES('R73','',5,TO_TIMESTAMP('05-15-07 17:15:00','MM-DD-YY HH24:MI:SS.FF'),'N',1,1,1,'B42','Y8');
INSERT INTO REVIEWS(REVIEW_ID,REVIEW_CONTENT,RATING,PUBLISH_DATE,REC_NOTREC,VOTES_FUNNY,VOTES_COOL,VOTES_USEFUL,B_ID,AUTHOR_ID)  VALUES('R74','',2,TO_TIMESTAMP('06-02-11 17:15:00','MM-DD-YY HH24:MI:SS.FF'),'N',1,1,1,'B39','Y9');
INSERT INTO REVIEWS(REVIEW_ID,REVIEW_CONTENT,RATING,PUBLISH_DATE,REC_NOTREC,VOTES_FUNNY,VOTES_COOL,VOTES_USEFUL,B_ID,AUTHOR_ID)  VALUES('R75','',3,TO_TIMESTAMP('06-30-11 17:15:00','MM-DD-YY HH24:MI:SS.FF'),'N',1,1,1,'B40','Y10');
INSERT INTO REVIEWS(REVIEW_ID,REVIEW_CONTENT,RATING,PUBLISH_DATE,REC_NOTREC,VOTES_FUNNY,VOTES_COOL,VOTES_USEFUL,B_ID,AUTHOR_ID)  VALUES('R76','',3,TO_TIMESTAMP('06-12-11 17:15:00','MM-DD-YY HH24:MI:SS.FF'),'N',1,1,1,'B41','Y11');




/*Insert data into Photo*/

INSERT INTO PHOTO(PHOTO_ID,AUTHOR_ID,DESCRIPTION,P_USERID,P_BSNID) VALUES('P1','Y3','PHOTO1','Y3','B4');
INSERT INTO PHOTO(PHOTO_ID,AUTHOR_ID,DESCRIPTION,P_USERID,P_BSNID) VALUES('P2','Y5','PHOTO2','Y2','B12');
INSERT INTO PHOTO(PHOTO_ID,AUTHOR_ID,DESCRIPTION,P_USERID,P_BSNID) VALUES('P3','Y2','PHOTO3','Y9','B3');
INSERT INTO PHOTO(PHOTO_ID,AUTHOR_ID,DESCRIPTION,P_USERID,P_BSNID) VALUES('P4','Y1','PHOTO4','Y6','B5');


/*insert data into USER_friend*/
INSERT INTO USER_FRIEND(FRIEND_ID,F_USER_ID) VALUES('Y1','Y2');
INSERT INTO USER_FRIEND(FRIEND_ID,F_USER_ID) VALUES('Y1','Y7');
INSERT INTO USER_FRIEND(FRIEND_ID,F_USER_ID) VALUES('Y1','Y9');
INSERT INTO USER_FRIEND(FRIEND_ID,F_USER_ID) VALUES('Y2','Y1');
INSERT INTO USER_FRIEND(FRIEND_ID,F_USER_ID) VALUES('Y2','Y6');
INSERT INTO USER_FRIEND(FRIEND_ID,F_USER_ID) VALUES('Y2','Y9');
INSERT INTO USER_FRIEND(FRIEND_ID,F_USER_ID) VALUES('Y2','Y16');
INSERT INTO USER_FRIEND(FRIEND_ID,F_USER_ID) VALUES('Y2','Y18');

/*INSERT DATA USER_COMPLIMENTS_FRIENDS*/
INSERT INTO USER_COMPLIMENTS_FRIENDS(USER_ID,COMPLEMENTS_ID) VALUES('Y1','Y2');
INSERT INTO USER_COMPLIMENTS_FRIENDS(USER_ID,COMPLEMENTS_ID) VALUES('Y1','Y7');
INSERT INTO USER_COMPLIMENTS_FRIENDS(USER_ID,COMPLEMENTS_ID) VALUES('Y2','Y1');
INSERT INTO USER_COMPLIMENTS_FRIENDS(USER_ID,COMPLEMENTS_ID) VALUES('Y2','Y6');
INSERT INTO USER_COMPLIMENTS_FRIENDS(USER_ID,COMPLEMENTS_ID) VALUES('Y2','Y9');
INSERT INTO USER_COMPLIMENTS_FRIENDS(USER_ID,COMPLEMENTS_ID) VALUES('Y4','Y7');
INSERT INTO USER_COMPLIMENTS_FRIENDS(USER_ID,COMPLEMENTS_ID) VALUES('Y6','Y2');
INSERT INTO USER_COMPLIMENTS_FRIENDS(USER_ID,COMPLEMENTS_ID) VALUES('Y6','Y15');
INSERT INTO USER_COMPLIMENTS_FRIENDS(USER_ID,COMPLEMENTS_ID) VALUES('Y7','Y1');
INSERT INTO USER_COMPLIMENTS_FRIENDS(USER_ID,COMPLEMENTS_ID) VALUES('Y7','Y4');
INSERT INTO USER_COMPLIMENTS_FRIENDS(USER_ID,COMPLEMENTS_ID) VALUES('Y18','Y13');

/*insert data into MARKED_USER_PHOTO*/

INSERT INTO MARKED_USER_PHOTO(USER_ID,PHOTO_ID) VALUES('Y3','P1');
INSERT INTO MARKED_USER_PHOTO(USER_ID,PHOTO_ID) VALUES('Y2','P2');
INSERT INTO MARKED_USER_PHOTO(USER_ID,PHOTO_ID) VALUES('Y1','P3');
INSERT INTO MARKED_USER_PHOTO(USER_ID,PHOTO_ID) VALUES('Y5','P4');

/*insert into belong_t0_review_buisness*/

INSERT INTO BELONG_T0_REVIEW_BUISNESS(review_id,buisness_id) VALUES('R1','B1');
INSERT INTO BELONG_T0_REVIEW_BUISNESS(review_id,buisness_id) VALUES('R2','B4');
INSERT INTO BELONG_T0_REVIEW_BUISNESS(review_id,buisness_id) VALUES('R3','B5');
INSERT INTO BELONG_T0_REVIEW_BUISNESS(review_id,buisness_id) VALUES('R4','B4');
INSERT INTO BELONG_T0_REVIEW_BUISNESS(review_id,buisness_id) VALUES('R5','B4');
INSERT INTO BELONG_T0_REVIEW_BUISNESS(review_id,buisness_id) VALUES('R6','B4');
INSERT INTO BELONG_T0_REVIEW_BUISNESS(review_id,buisness_id) VALUES('R7','B4');
INSERT INTO BELONG_T0_REVIEW_BUISNESS(review_id,buisness_id) VALUES('R8','B14');
INSERT INTO BELONG_T0_REVIEW_BUISNESS(review_id,buisness_id) VALUES('R9','B11');
INSERT INTO BELONG_T0_REVIEW_BUISNESS(review_id,buisness_id) VALUES('R10','B18');

/*INSERT Data into PROVIDE_USER_REVIEWS*/
INSERT INTO PROVIDE_USER_REVIEWS(USER_ID,REVIEW_ID) VALUES('Y1','R1');
INSERT INTO PROVIDE_USER_REVIEWS(USER_ID,REVIEW_ID) VALUES('Y4','R2');
INSERT INTO PROVIDE_USER_REVIEWS(USER_ID,REVIEW_ID) VALUES('Y2','R3');
INSERT INTO PROVIDE_USER_REVIEWS(USER_ID,REVIEW_ID) VALUES('Y3','R4');
INSERT INTO PROVIDE_USER_REVIEWS(USER_ID,REVIEW_ID) VALUES('Y6','R5');
INSERT INTO PROVIDE_USER_REVIEWS(USER_ID,REVIEW_ID) VALUES('Y12','R6');
INSERT INTO PROVIDE_USER_REVIEWS(USER_ID,REVIEW_ID) VALUES('Y5','R7');
INSERT INTO PROVIDE_USER_REVIEWS(USER_ID,REVIEW_ID) VALUES('Y2','R8');
INSERT INTO PROVIDE_USER_REVIEWS(USER_ID,REVIEW_ID) VALUES('Y1','R9');
INSERT INTO PROVIDE_USER_REVIEWS(USER_ID,REVIEW_ID) VALUES('Y2','R10');
INSERT INTO PROVIDE_USER_REVIEWS(USER_ID,REVIEW_ID) VALUES('Y1','R11');
INSERT INTO PROVIDE_USER_REVIEWS(USER_ID,REVIEW_ID) VALUES('Y1','R12');
INSERT INTO PROVIDE_USER_REVIEWS(USER_ID,REVIEW_ID) VALUES('Y2','R13');
INSERT INTO PROVIDE_USER_REVIEWS(USER_ID,REVIEW_ID) VALUES('Y14','R14');
INSERT INTO PROVIDE_USER_REVIEWS(USER_ID,REVIEW_ID) VALUES('Y1','R15');
INSERT INTO PROVIDE_USER_REVIEWS(USER_ID,REVIEW_ID) VALUES('Y1','R16');
INSERT INTO PROVIDE_USER_REVIEWS(USER_ID,REVIEW_ID) VALUES('Y2','R17');
INSERT INTO PROVIDE_USER_REVIEWS(USER_ID,REVIEW_ID) VALUES('Y3','R18');
INSERT INTO PROVIDE_USER_REVIEWS(USER_ID,REVIEW_ID) VALUES('Y1','R19');
INSERT INTO PROVIDE_USER_REVIEWS(USER_ID,REVIEW_ID) VALUES('Y2','R20');



/*Student Name:Aastha Jain ,Student ID:014868722*/

